"year","revenue","orders","aov"
"2016","46586.33","266","175.1365789473684211"
"2017","6922900.24","43428","159.4109846182186608"
"2018","8452975.20","52783","160.1457893639997727"
