"year","avg_delivery_days"
"2016","19.209737827715355"
"2017","12.541334684290517"
"2018","11.689201735604525"
