"review_score","avg_delivery_days","number_of_reviews"
1,"20.84997341839447","9405"
2,"16.194831689901395","2941"
3,"13.793242055018213","7961"
4,"11.848053931637436","18987"
5,"10.224153945915631","57059"
