"year","total_items","total_orders","avg_items_per_order"
"2016","317","267","1.1872659176029963"
"2017","49556","43428","1.14110711983052408584"
"2018","60324","52783","1.1428679688536082"
